hsa_circ_0053380,hsa-mir-1250-3p
hsa_circ_0053380,hsa-mir-1305
hsa_circ_0053380,hsa-mir-153-5p
hsa_circ_0053380,hsa-mir-199a-3p
hsa_circ_0053380,hsa-mir-199b-3p
hsa_circ_0053380,hsa-mir-205-3p
hsa_circ_0053380,hsa-mir-222-5p
hsa_circ_0053380,hsa-mir-30a-3p
hsa_circ_0053380,hsa-mir-30d-3p
hsa_circ_0053380,hsa-mir-30e-3p
hsa_circ_0053380,hsa-mir-3129-5p
hsa_circ_0053380,hsa-mir-335-3p
hsa_circ_0053380,hsa-mir-3942-3p
hsa_circ_0053380,hsa-mir-411-5p
hsa_circ_0053380,hsa-mir-4797-3p
hsa_circ_0053380,hsa-mir-545-5p
hsa_circ_0081694,hsa-mir-150-5p
hsa_circ_0081694,hsa-mir-2115-3p
hsa_circ_0081694,hsa-mir-2116-3p
hsa_circ_0081694,hsa-mir-214-3p
hsa_circ_0081694,hsa-mir-34a-3p
hsa_circ_0081694,hsa-mir-3617-3p
hsa_circ_0081694,hsa-mir-421
hsa_circ_0081694,hsa-mir-4291
hsa_circ_0081694,hsa-mir-4709-5p
hsa_circ_0081694,hsa-mir-4711-5p
hsa_circ_0081694,hsa-mir-4733-5p
hsa_circ_0081694,hsa-mir-545-3p
hsa_circ_0081694,hsa-mir-6793-3p
hsa_circ_0081694,hsa-mir-6814-5p
hsa_circ_0081694,hsa-mir-6884-3p
hsa_circ_0081694,hsa-mir-7157-5p
hsa_circ_0059350,hsa-mir-101-3p
hsa_circ_0059350,hsa-mir-1202
hsa_circ_0059350,hsa-mir-1227-3p
hsa_circ_0059350,hsa-mir-1271-3p
hsa_circ_0059350,hsa-mir-130a-3p
hsa_circ_0059350,hsa-mir-130b-3p
hsa_circ_0059350,hsa-mir-148a-3p
hsa_circ_0059350,hsa-mir-148b-3p
hsa_circ_0059350,hsa-mir-152-3p
hsa_circ_0059350,hsa-mir-1825
hsa_circ_0059350,hsa-mir-1909-5p
hsa_circ_0059350,hsa-mir-1911-5p
hsa_circ_0059350,hsa-mir-192-3p
hsa_circ_0059350,hsa-mir-222-5p
hsa_circ_0059350,hsa-mir-301a-3p
hsa_circ_0059350,hsa-mir-301b-3p
hsa_circ_0059350,hsa-mir-33b-3p
hsa_circ_0059350,hsa-mir-3666
hsa_circ_0059350,hsa-mir-3691-3p
hsa_circ_0059350,hsa-mir-371a-3p
hsa_circ_0059350,hsa-mir-371b-3p
hsa_circ_0059350,hsa-mir-4276
hsa_circ_0059350,hsa-mir-4295
hsa_circ_0059350,hsa-mir-4697-3p
hsa_circ_0059350,hsa-mir-4712-5p
hsa_circ_0059350,hsa-mir-4715-3p
hsa_circ_0059350,hsa-mir-4797-3p
hsa_circ_0059350,hsa-mir-5094
hsa_circ_0059350,hsa-mir-515-3p
hsa_circ_0059350,hsa-mir-5189-3p
hsa_circ_0059350,hsa-mir-519e-3p
hsa_circ_0059350,hsa-mir-545-5p
hsa_circ_0059350,hsa-mir-550a-3-5p
hsa_circ_0059350,hsa-mir-550a-5p
hsa_circ_0059350,hsa-mir-624-5p
hsa_circ_0059350,hsa-mir-6733-3p
hsa_circ_0059350,hsa-mir-770-5p
hsa_circ_0075964,hsa-mir-21-5p
hsa_circ_0075964,hsa-mir-24-3p
hsa_circ_0075964,hsa-mir-2681-3p
hsa_circ_0075964,hsa-mir-27a-5p
hsa_circ_0075964,hsa-mir-3158-3p
hsa_circ_0075964,hsa-mir-361-5p
hsa_circ_0075964,hsa-mir-374a-3p
hsa_circ_0075964,hsa-mir-4283
hsa_circ_0075964,hsa-mir-4284
hsa_circ_0075964,hsa-mir-4437
hsa_circ_0075964,hsa-mir-452-3p
hsa_circ_0075964,hsa-mir-4674
hsa_circ_0075964,hsa-mir-5088-5p
hsa_circ_0075964,hsa-mir-590-5p
hsa_circ_0075964,hsa-mir-6072
hsa_circ_0075964,hsa-mir-6847-3p
hsa_circ_0075964,hsa-mir-6870-3p
hsa_circ_0075964,hsa-mir-6891-3p
hsa_circ_0075964,hsa-mir-7158-5p
hsa_circ_0002960,hsa-mir-100-3p
hsa_circ_0002960,hsa-mir-103a-2-5p
hsa_circ_0002960,hsa-mir-152-5p
hsa_circ_0002960,hsa-mir-18a-5p
hsa_circ_0002960,hsa-mir-18b-5p
hsa_circ_0002960,hsa-mir-208b-5p
hsa_circ_0002960,hsa-mir-2115-5p
hsa_circ_0002960,hsa-mir-218-1-3p
hsa_circ_0002960,hsa-mir-23a-5p
hsa_circ_0002960,hsa-mir-23b-5p
hsa_circ_0002960,hsa-mir-3074-5p
hsa_circ_0002960,hsa-mir-4464
hsa_circ_0002960,hsa-mir-4521
hsa_circ_0002960,hsa-mir-516a-3p
hsa_circ_0002960,hsa-mir-516b-3p
hsa_circ_0002960,hsa-mir-6070
hsa_circ_0002960,hsa-mir-642b-5p
hsa_circ_0002960,hsa-mir-7162-5p
hsa_circ_0025621,hsa-let-7a-3p
hsa_circ_0025621,hsa-let-7b-3p
hsa_circ_0025621,hsa-let-7f-1-3p
hsa_circ_0025621,hsa-let-7f-2-3p
hsa_circ_0025621,hsa-mir-1185-1-3p
hsa_circ_0025621,hsa-mir-1185-2-3p
hsa_circ_0025621,hsa-mir-1283
hsa_circ_0025621,hsa-mir-1284
hsa_circ_0025621,hsa-mir-300
hsa_circ_0025621,hsa-mir-3613-3p
hsa_circ_0025621,hsa-mir-381-3p
hsa_circ_0025621,hsa-mir-4666a-3p
hsa_circ_0025621,hsa-mir-4789-5p
hsa_circ_0025621,hsa-mir-520d-5p
hsa_circ_0025621,hsa-mir-524-5p
hsa_circ_0025621,hsa-mir-548ac
hsa_circ_0025621,hsa-mir-548ae-3p
hsa_circ_0025621,hsa-mir-548ah-3p
hsa_circ_0025621,hsa-mir-548am-3p
hsa_circ_0025621,hsa-mir-548aq-3p
hsa_circ_0025621,hsa-mir-548bb-3p
hsa_circ_0025621,hsa-mir-548c-3p
hsa_circ_0025621,hsa-mir-548d-3p
hsa_circ_0025621,hsa-mir-548h-3p
hsa_circ_0025621,hsa-mir-548j-3p
hsa_circ_0025621,hsa-mir-548z
hsa_circ_0025621,hsa-mir-98-3p
hsa_circ_0025892,hsa-mir-1470
hsa_circ_0025892,hsa-mir-2114-5p
hsa_circ_0025892,hsa-mir-215-3p
hsa_circ_0025892,hsa-mir-3145-5p
hsa_circ_0025892,hsa-mir-3657
hsa_circ_0025892,hsa-mir-3925-3p
hsa_circ_0025892,hsa-mir-4290
hsa_circ_0025892,hsa-mir-4420
hsa_circ_0025892,hsa-mir-4433b-5p
hsa_circ_0025892,hsa-mir-4469
hsa_circ_0025892,hsa-mir-4639-3p
hsa_circ_0025892,hsa-mir-4646-3p
hsa_circ_0025892,hsa-mir-4667-3p
hsa_circ_0025892,hsa-mir-4691-5p
hsa_circ_0025892,hsa-mir-483-3p
hsa_circ_0025892,hsa-mir-597-5p
hsa_circ_0025892,hsa-mir-642a-5p
hsa_circ_0025892,hsa-mir-668-3p
hsa_circ_0025892,hsa-mir-670-5p
hsa_circ_0025892,hsa-mir-6748-3p
hsa_circ_0025892,hsa-mir-676-3p
hsa_circ_0025892,hsa-mir-6773-3p
hsa_circ_0025892,hsa-mir-6792-3p
hsa_circ_0025892,hsa-mir-6794-3p
hsa_circ_0025892,hsa-mir-6803-3p
hsa_circ_0025892,hsa-mir-6834-3p
hsa_circ_0025892,hsa-mir-6879-3p
hsa_circ_0025892,hsa-mir-6887-3p
hsa_circ_0025892,hsa-mir-6892-3p
hsa_circ_0025892,hsa-mir-766-3p
hsa_circ_0009440,hsa-mir-125a-5p
hsa_circ_0009440,hsa-mir-125b-5p
hsa_circ_0009440,hsa-mir-1291
hsa_circ_0009440,hsa-mir-146b-3p
hsa_circ_0009440,hsa-mir-18b-3p
hsa_circ_0009440,hsa-mir-203b-3p
hsa_circ_0009440,hsa-mir-3140-5p
hsa_circ_0009440,hsa-mir-3157-3p
hsa_circ_0009440,hsa-mir-3173-5p
hsa_circ_0009440,hsa-mir-345-3p
hsa_circ_0009440,hsa-mir-4319
hsa_circ_0009440,hsa-mir-4324
hsa_circ_0009440,hsa-mir-4539
hsa_circ_0009440,hsa-mir-4680-5p
hsa_circ_0009440,hsa-mir-4724-5p
hsa_circ_0009440,hsa-mir-4732-3p
hsa_circ_0009440,hsa-mir-5009-3p
hsa_circ_0009440,hsa-mir-618
hsa_circ_0009440,hsa-mir-670-5p
hsa_circ_0009440,hsa-mir-6775-3p
hsa_circ_0009440,hsa-mir-6779-3p
hsa_circ_0009440,hsa-mir-6799-3p
hsa_circ_0009440,hsa-mir-7158-3p
hsa_circ_0009440,hsa-mir-7976
hsa_circ_0009440,hsa-mir-874-3p
hsa_circ_0082981,hsa-mir-103a-3p
hsa_circ_0082981,hsa-mir-107
hsa_circ_0082981,hsa-mir-1207-5p
hsa_circ_0082981,hsa-mir-15a-5p
hsa_circ_0082981,hsa-mir-15b-5p
hsa_circ_0082981,hsa-mir-16-5p
hsa_circ_0082981,hsa-mir-195-5p
hsa_circ_0082981,hsa-mir-214-3p
hsa_circ_0082981,hsa-mir-3619-5p
hsa_circ_0082981,hsa-mir-424-5p
hsa_circ_0082981,hsa-mir-4274
hsa_circ_0082981,hsa-mir-4291
hsa_circ_0082981,hsa-mir-4310
hsa_circ_0082981,hsa-mir-4519
hsa_circ_0082981,hsa-mir-4524a-5p
hsa_circ_0082981,hsa-mir-4524b-5p
hsa_circ_0082981,hsa-mir-4530
hsa_circ_0082981,hsa-mir-497-5p
hsa_circ_0082981,hsa-mir-503-5p
hsa_circ_0082981,hsa-mir-6165
hsa_circ_0082981,hsa-mir-646
hsa_circ_0082981,hsa-mir-6510-5p
hsa_circ_0082981,hsa-mir-657
hsa_circ_0082981,hsa-mir-6721-5p
hsa_circ_0082981,hsa-mir-6792-5p
hsa_circ_0082981,hsa-mir-6808-5p
hsa_circ_0082981,hsa-mir-6820-5p
hsa_circ_0082981,hsa-mir-6828-5p
hsa_circ_0082981,hsa-mir-6838-5p
hsa_circ_0082981,hsa-mir-6893-5p
hsa_circ_0082981,hsa-mir-7150
hsa_circ_0082981,hsa-mir-761
hsa_circ_0082981,hsa-mir-7706
hsa_circ_0082981,hsa-mir-922
hsa_circ_0082981,hsa-mir-940
hsa_circ_0003971,hsa-mir-128-3p
hsa_circ_0003971,hsa-mir-140-3p
hsa_circ_0003971,hsa-mir-216a-3p
hsa_circ_0003971,hsa-mir-27a-3p
hsa_circ_0003971,hsa-mir-27b-3p
hsa_circ_0003971,hsa-mir-3064-3p
hsa_circ_0003971,hsa-mir-3157-5p
hsa_circ_0003971,hsa-mir-34a-5p
hsa_circ_0003971,hsa-mir-34c-5p
hsa_circ_0003971,hsa-mir-3648
hsa_circ_0003971,hsa-mir-3681-3p
hsa_circ_0003971,hsa-mir-449a
hsa_circ_0003971,hsa-mir-449b-3p
hsa_circ_0003971,hsa-mir-449b-5p
hsa_circ_0003971,hsa-mir-4519
hsa_circ_0003971,hsa-mir-4691-3p
hsa_circ_0003971,hsa-mir-5693
hsa_circ_0003971,hsa-mir-6499-3p
hsa_circ_0003971,hsa-mir-6743-3p
hsa_circ_0003971,hsa-mir-6746-3p
hsa_circ_0003971,hsa-mir-6858-3p
hsa_circ_0003971,hsa-mir-6886-5p
hsa_circ_0069749,hsa-mir-125b-2-3p
hsa_circ_0069749,hsa-mir-1323
hsa_circ_0069749,hsa-mir-3613-3p
hsa_circ_0069749,hsa-mir-424-3p
hsa_circ_0069749,hsa-mir-4432
hsa_circ_0069749,hsa-mir-4457
hsa_circ_0069749,hsa-mir-4499
hsa_circ_0069749,hsa-mir-4696
hsa_circ_0069749,hsa-mir-4719
hsa_circ_0069749,hsa-mir-4731-3p
hsa_circ_0069749,hsa-mir-4801
hsa_circ_0069749,hsa-mir-499a-5p
hsa_circ_0069749,hsa-mir-499b-5p
hsa_circ_0069749,hsa-mir-513b-5p
hsa_circ_0069749,hsa-mir-548a-3p
hsa_circ_0069749,hsa-mir-548ae-3p
hsa_circ_0069749,hsa-mir-548ah-3p
hsa_circ_0069749,hsa-mir-548aj-3p
hsa_circ_0069749,hsa-mir-548am-3p
hsa_circ_0069749,hsa-mir-548aq-3p
hsa_circ_0069749,hsa-mir-548ar-3p
hsa_circ_0069749,hsa-mir-548at-3p
hsa_circ_0069749,hsa-mir-548av-3p
hsa_circ_0069749,hsa-mir-548ay-3p
hsa_circ_0069749,hsa-mir-548az-3p
hsa_circ_0069749,hsa-mir-548e-3p
hsa_circ_0069749,hsa-mir-548f-3p
hsa_circ_0069749,hsa-mir-548g-3p
hsa_circ_0069749,hsa-mir-548j-3p
hsa_circ_0069749,hsa-mir-548o-3p
hsa_circ_0069749,hsa-mir-548u
hsa_circ_0069749,hsa-mir-548x-3p
hsa_circ_0069749,hsa-mir-5582-3p
hsa_circ_0069749,hsa-mir-617
hsa_circ_0069749,hsa-mir-624-3p
hsa_circ_0069749,hsa-mir-7161-5p
hsa_circ_0069749,hsa-mir-7844-5p
hsa_circ_0069749,hsa-mir-8087
hsa_circ_0018299,hsa-mir-421
hsa_circ_0018299,hsa-mir-4716-5p
hsa_circ_0018299,hsa-mir-5581-3p
hsa_circ_0018299,hsa-mir-6884-3p
hsa_circ_0018299,hsa-mir-7151-5p
hsa_circ_0018299,hsa-mir-7154-5p
hsa_circ_0018299,hsa-mir-8060
hsa_circ_0018299,hsa-mir-887-3p
hsa_circ_0018299,hsa-mir-95-3p
hsa_circ_0020985,hsa-mir-1231
hsa_circ_0020985,hsa-mir-138-2-3p
hsa_circ_0020985,hsa-mir-202-5p
hsa_circ_0020985,hsa-mir-26a-1-3p
hsa_circ_0020985,hsa-mir-26a-2-3p
hsa_circ_0020985,hsa-mir-3120-5p
hsa_circ_0020985,hsa-mir-346
hsa_circ_0020985,hsa-mir-4288
hsa_circ_0020985,hsa-mir-4527
hsa_circ_0020985,hsa-mir-4743-3p
hsa_circ_0020985,hsa-mir-632
hsa_circ_0020985,hsa-mir-654-3p
hsa_circ_0020985,hsa-mir-6738-3p
hsa_circ_0020985,hsa-mir-6834-3p
hsa_circ_0016320,hsa-mir-1276
hsa_circ_0016320,hsa-mir-335-5p
hsa_circ_0016320,hsa-mir-505-3p
hsa_circ_0016320,hsa-mir-891a-5p
hsa_circ_0016320,hsa-mir-95-3p
hsa_circ_0003971,hsa-mir-106a-5p
hsa_circ_0003971,hsa-mir-106b-5p
hsa_circ_0003971,hsa-mir-1236-5p
hsa_circ_0003971,hsa-mir-1245a
hsa_circ_0003971,hsa-mir-142-5p
hsa_circ_0003971,hsa-mir-17-5p
hsa_circ_0003971,hsa-mir-20a-5p
hsa_circ_0003971,hsa-mir-20b-5p
hsa_circ_0003971,hsa-mir-3609
hsa_circ_0003971,hsa-mir-372-3p
hsa_circ_0003971,hsa-mir-4670-5p
hsa_circ_0003971,hsa-mir-4796-3p
hsa_circ_0003971,hsa-mir-518a-3p
hsa_circ_0003971,hsa-mir-518b
hsa_circ_0003971,hsa-mir-518c-3p
hsa_circ_0003971,hsa-mir-518d-3p
hsa_circ_0003971,hsa-mir-518e-3p
hsa_circ_0003971,hsa-mir-518f-3p
hsa_circ_0003971,hsa-mir-5190
hsa_circ_0003971,hsa-mir-519a-3p
hsa_circ_0003971,hsa-mir-519b-3p
hsa_circ_0003971,hsa-mir-519c-3p
hsa_circ_0003971,hsa-mir-519d-3p
hsa_circ_0003971,hsa-mir-520a-3p
hsa_circ_0003971,hsa-mir-520b
hsa_circ_0003971,hsa-mir-520c-3p
hsa_circ_0003971,hsa-mir-520d-3p
hsa_circ_0003971,hsa-mir-520e
hsa_circ_0003971,hsa-mir-520g-3p
hsa_circ_0003971,hsa-mir-520h
hsa_circ_0003971,hsa-mir-526b-3p
hsa_circ_0003971,hsa-mir-548ah-5p
hsa_circ_0003971,hsa-mir-548az-5p
hsa_circ_0003971,hsa-mir-548t-5p
hsa_circ_0003971,hsa-mir-559
hsa_circ_0003971,hsa-mir-5590-3p
hsa_circ_0003971,hsa-mir-6786-3p
hsa_circ_0003971,hsa-mir-93-5p
hsa_circ_0003971,hsa-mir-9-3p
hsa_circ_0044757,hsa-mir-130b-5p
hsa_circ_0044757,hsa-mir-4724-3p
hsa_circ_0044757,hsa-mir-4753-3p
hsa_circ_0044757,hsa-mir-514a-5p
hsa_circ_0044757,hsa-mir-550b-3p
hsa_circ_0044757,hsa-mir-627-3p
hsa_circ_0044757,hsa-mir-6759-3p
hsa_circ_0044757,hsa-mir-6782-3p
hsa_circ_0044757,hsa-mir-6832-3p
hsa_circ_0071545,hsa-mir-137
hsa_circ_0071545,hsa-mir-32-5p
hsa_circ_0071545,hsa-mir-3611
hsa_circ_0071545,hsa-mir-3682-3p
hsa_circ_0071545,hsa-mir-3689a-5p
hsa_circ_0071545,hsa-mir-3689b-5p
hsa_circ_0071545,hsa-mir-3689e
hsa_circ_0071545,hsa-mir-3689f
hsa_circ_0071545,hsa-mir-4289
hsa_circ_0071545,hsa-mir-4502
hsa_circ_0071545,hsa-mir-450a-5p
hsa_circ_0071545,hsa-mir-4679
hsa_circ_0071545,hsa-mir-5701
hsa_circ_0071545,hsa-mir-6717-5p
hsa_circ_0071545,hsa-mir-758-3p
hsa_circ_0071545,hsa-mir-8070
hsa_circ_0071545,hsa-mir-92a-3p
hsa_circ_0071545,hsa-mir-92b-3p
hsa_circ_0081709,hsa-mir-1184
hsa_circ_0081709,hsa-mir-1205
hsa_circ_0081709,hsa-mir-1207-5p
hsa_circ_0081709,hsa-mir-1227-5p
hsa_circ_0081709,hsa-mir-1273h-3p
hsa_circ_0081709,hsa-mir-128-1-5p
hsa_circ_0081709,hsa-mir-128-2-5p
hsa_circ_0081709,hsa-mir-1286
hsa_circ_0081709,hsa-mir-1539
hsa_circ_0081709,hsa-mir-17-3p
hsa_circ_0081709,hsa-mir-1908-5p
hsa_circ_0081709,hsa-mir-1909-3p
hsa_circ_0081709,hsa-mir-211-3p
hsa_circ_0081709,hsa-mir-2861
hsa_circ_0081709,hsa-mir-3127-5p
hsa_circ_0081709,hsa-mir-3158-5p
hsa_circ_0081709,hsa-mir-3193
hsa_circ_0081709,hsa-mir-3196
hsa_circ_0081709,hsa-mir-3678-3p
hsa_circ_0081709,hsa-mir-3918
hsa_circ_0081709,hsa-mir-4418
hsa_circ_0081709,hsa-mir-4436b-3p
hsa_circ_0081709,hsa-mir-4446-3p
hsa_circ_0081709,hsa-mir-4508
hsa_circ_0081709,hsa-mir-4512
hsa_circ_0081709,hsa-mir-4520-5p
hsa_circ_0081709,hsa-mir-4685-5p
hsa_circ_0081709,hsa-mir-4706
hsa_circ_0081709,hsa-mir-4726-5p
hsa_circ_0081709,hsa-mir-4734
hsa_circ_0081709,hsa-mir-4749-5p
hsa_circ_0081709,hsa-mir-4763-3p
hsa_circ_0081709,hsa-mir-4772-3p
hsa_circ_0081709,hsa-mir-4781-5p
hsa_circ_0081709,hsa-mir-4787-5p
hsa_circ_0081709,hsa-mir-486-3p
hsa_circ_0081709,hsa-mir-5088-5p
hsa_circ_0081709,hsa-mir-5090
hsa_circ_0081709,hsa-mir-509-3-5p
hsa_circ_0081709,hsa-mir-509-5p
hsa_circ_0081709,hsa-mir-6068
hsa_circ_0081709,hsa-mir-6132
hsa_circ_0081709,hsa-mir-6510-5p
hsa_circ_0081709,hsa-mir-6511b-5p
hsa_circ_0081709,hsa-mir-663a
hsa_circ_0081709,hsa-mir-6722-3p
hsa_circ_0081709,hsa-mir-6727-5p
hsa_circ_0081709,hsa-mir-6735-5p
hsa_circ_0081709,hsa-mir-6762-5p
hsa_circ_0081709,hsa-mir-6775-5p
hsa_circ_0081709,hsa-mir-6784-5p
hsa_circ_0081709,hsa-mir-6787-5p
hsa_circ_0081709,hsa-mir-6811-5p
hsa_circ_0081709,hsa-mir-6836-5p
hsa_circ_0081709,hsa-mir-6837-5p
hsa_circ_0081709,hsa-mir-6845-5p
hsa_circ_0081709,hsa-mir-6877-5p
hsa_circ_0081709,hsa-mir-6879-5p
hsa_circ_0081709,hsa-mir-6895-5p
hsa_circ_0081709,hsa-mir-7156-3p
hsa_circ_0081709,hsa-mir-7160-3p
hsa_circ_0081709,hsa-mir-744-5p
hsa_circ_0004287,hsa-mir-1229-3p
hsa_circ_0004287,hsa-mir-154-3p
hsa_circ_0004287,hsa-mir-466
hsa_circ_0004287,hsa-mir-4666a-3p
hsa_circ_0004287,hsa-mir-4789-5p
hsa_circ_0004287,hsa-mir-485-3p
hsa_circ_0004287,hsa-mir-487a-3p
hsa_circ_0004287,hsa-mir-539-3p
hsa_circ_0004287,hsa-mir-5689
hsa_circ_0063775,hsa-mir-147a
hsa_circ_0063775,hsa-mir-3177-5p
hsa_circ_0063775,hsa-mir-3650
hsa_circ_0063775,hsa-mir-511-3p
hsa_circ_0063775,hsa-mir-6867-5p
hsa_circ_0004521,hsa-mir-1245b-3p
hsa_circ_0004521,hsa-mir-1273h-3p
hsa_circ_0004521,hsa-mir-1288-5p
hsa_circ_0004521,hsa-mir-219b-5p
hsa_circ_0004521,hsa-mir-3158-5p
hsa_circ_0004521,hsa-mir-3171
hsa_circ_0004521,hsa-mir-3678-3p
hsa_circ_0004521,hsa-mir-4643
hsa_circ_0004521,hsa-mir-4666a-5p
hsa_circ_0004521,hsa-mir-4717-3p
hsa_circ_0004521,hsa-mir-500a-3p
hsa_circ_0004521,hsa-mir-501-3p
hsa_circ_0004521,hsa-mir-502-3p
hsa_circ_0004521,hsa-mir-5589-3p
hsa_circ_0004521,hsa-mir-5683
hsa_circ_0004521,hsa-mir-576-3p
hsa_circ_0004521,hsa-mir-6516-3p
hsa_circ_0004521,hsa-mir-6811-5p
hsa_circ_0004521,hsa-mir-942-3p
hsa_circ_0007194,hsa-mir-101-3p
hsa_circ_0007194,hsa-mir-1283
hsa_circ_0007194,hsa-mir-139-5p
hsa_circ_0007194,hsa-mir-144-3p
hsa_circ_0007194,hsa-mir-16-1-3p
hsa_circ_0007194,hsa-mir-16-2-3p
hsa_circ_0007194,hsa-mir-187-5p
hsa_circ_0007194,hsa-mir-195-3p
hsa_circ_0007194,hsa-mir-199a-3p
hsa_circ_0007194,hsa-mir-199b-3p
hsa_circ_0007194,hsa-mir-3145-3p
hsa_circ_0007194,hsa-mir-338-5p
hsa_circ_0007194,hsa-mir-4645-3p
hsa_circ_0007194,hsa-mir-4666a-3p
hsa_circ_0007194,hsa-mir-496
hsa_circ_0007194,hsa-mir-520d-5p
hsa_circ_0007194,hsa-mir-524-5p
hsa_circ_0007194,hsa-mir-548v
hsa_circ_0007194,hsa-mir-582-5p
hsa_circ_0007194,hsa-mir-630
hsa_circ_0007194,hsa-mir-656-3p
hsa_circ_0007194,hsa-mir-7151-3p
hsa_circ_0007194,hsa-mir-936
hsa_circ_0024962,hsa-mir-1200
hsa_circ_0024962,hsa-mir-1237-3p
hsa_circ_0024962,hsa-mir-1248
hsa_circ_0024962,hsa-mir-125a-5p
hsa_circ_0024962,hsa-mir-125b-5p
hsa_circ_0024962,hsa-mir-1343-3p
hsa_circ_0024962,hsa-mir-1976
hsa_circ_0024962,hsa-mir-210-5p
hsa_circ_0024962,hsa-mir-3127-3p
hsa_circ_0024962,hsa-mir-331-3p
hsa_circ_0024962,hsa-mir-345-3p
hsa_circ_0024962,hsa-mir-3667-3p
hsa_circ_0024962,hsa-mir-3679-3p
hsa_circ_0024962,hsa-mir-378a-5p
hsa_circ_0024962,hsa-mir-4279
hsa_circ_0024962,hsa-mir-4292
hsa_circ_0024962,hsa-mir-4297
hsa_circ_0024962,hsa-mir-4319
hsa_circ_0024962,hsa-mir-4324
hsa_circ_0024962,hsa-mir-4713-5p
hsa_circ_0024962,hsa-mir-4732-3p
hsa_circ_0024962,hsa-mir-5088-3p
hsa_circ_0024962,hsa-mir-515-5p
hsa_circ_0024962,hsa-mir-519e-5p
hsa_circ_0024962,hsa-mir-5581-5p
hsa_circ_0024962,hsa-mir-629-3p
hsa_circ_0024962,hsa-mir-660-3p
hsa_circ_0024962,hsa-mir-670-5p
hsa_circ_0024962,hsa-mir-6734-3p
hsa_circ_0024962,hsa-mir-6756-3p
hsa_circ_0024962,hsa-mir-6791-5p
hsa_circ_0024962,hsa-mir-6801-3p
hsa_circ_0024962,hsa-mir-6809-3p
hsa_circ_0024962,hsa-mir-6810-3p
hsa_circ_0024962,hsa-mir-6826-3p
hsa_circ_0024962,hsa-mir-6845-3p
hsa_circ_0024962,hsa-mir-6868-3p
hsa_circ_0024962,hsa-mir-6887-3p
hsa_circ_0024962,hsa-mir-7976
hsa_circ_0024962,hsa-mir-942-5p
hsa_circ_0017914,hsa-mir-1247-3p
hsa_circ_0017914,hsa-mir-197-5p
hsa_circ_0017914,hsa-mir-4449
hsa_circ_0017914,hsa-mir-4740-3p
hsa_circ_0017914,hsa-mir-555
hsa_circ_0017914,hsa-mir-5587-3p
hsa_circ_0017914,hsa-mir-6881-5p
hsa_circ_0017914,hsa-mir-802
hsa_circ_0015432,hsa-mir-18a-3p
hsa_circ_0015432,hsa-mir-217
hsa_circ_0015432,hsa-mir-3152-5p
hsa_circ_0015432,hsa-mir-324-3p
hsa_circ_0015432,hsa-mir-4777-3p
hsa_circ_0015432,hsa-mir-4999-3p
hsa_circ_0015432,hsa-mir-5001-3p
hsa_circ_0015432,hsa-mir-5002-3p
hsa_circ_0015432,hsa-mir-509-3-5p
hsa_circ_0015432,hsa-mir-509-5p
hsa_circ_0015432,hsa-mir-6514-3p
hsa_circ_0015432,hsa-mir-660-3p
hsa_circ_0015432,hsa-mir-6747-3p
hsa_circ_0015432,hsa-mir-6778-3p
hsa_circ_0015432,hsa-mir-6781-3p
hsa_circ_0015432,hsa-mir-6791-3p
hsa_circ_0015432,hsa-mir-6829-3p
hsa_circ_0015432,hsa-mir-6836-3p
hsa_circ_0015432,hsa-mir-6882-3p
hsa_circ_0015432,hsa-mir-6890-3p
hsa_circ_0015432,hsa-mir-875-5p
hsa_circ_0060180,hsa-mir-200c-5p
hsa_circ_0060180,hsa-mir-3909
hsa_circ_0060180,hsa-mir-4659a-3p
hsa_circ_0060180,hsa-mir-4659b-3p
hsa_circ_0060180,hsa-mir-4684-5p
hsa_circ_0060180,hsa-mir-4691-5p
hsa_circ_0060180,hsa-mir-4778-3p
hsa_circ_0060180,hsa-mir-517-5p
hsa_circ_0060180,hsa-mir-520f-5p
hsa_circ_0060180,hsa-mir-6740-3p
hsa_circ_0060180,hsa-mir-6780a-3p
hsa_circ_0060180,hsa-mir-6852-3p
hsa_circ_0060180,hsa-mir-6881-3p
hsa_circ_0060180,hsa-mir-7111-3p
hsa_circ_0060180,hsa-mir-877-3p
hsa_circ_0060180,hsa-mir-942-5p
hsa_circ_0016919,hsa-mir-1537-5p
hsa_circ_0016919,hsa-mir-2113
hsa_circ_0016919,hsa-mir-297
hsa_circ_0016919,hsa-mir-299-3p
hsa_circ_0016919,hsa-mir-3149
hsa_circ_0016919,hsa-mir-4501
hsa_circ_0016919,hsa-mir-452-5p
hsa_circ_0016919,hsa-mir-455-5p
hsa_circ_0016919,hsa-mir-4676-3p
hsa_circ_0016919,hsa-mir-4687-3p
hsa_circ_0016919,hsa-mir-4718
hsa_circ_0016919,hsa-mir-4742-3p
hsa_circ_0016919,hsa-mir-4999-5p
hsa_circ_0016919,hsa-mir-5010-3p
hsa_circ_0016919,hsa-mir-5087
hsa_circ_0016919,hsa-mir-511-3p
hsa_circ_0016919,hsa-mir-567
hsa_circ_0016919,hsa-mir-581
hsa_circ_0016919,hsa-mir-592
hsa_circ_0016919,hsa-mir-599
hsa_circ_0016919,hsa-mir-675-3p
hsa_circ_0016919,hsa-mir-6818-5p
hsa_circ_0016919,hsa-mir-758-3p
hsa_circ_0016919,hsa-mir-8068
hsa_circ_0016919,hsa-mir-892c-3p
hsa_circ_0005390,hsa-mir-18b-3p
hsa_circ_0005390,hsa-mir-4305
hsa_circ_0005390,hsa-mir-4773
hsa_circ_0005390,hsa-mir-495-3p
hsa_circ_0005390,hsa-mir-5009-3p
hsa_circ_0005390,hsa-mir-548ar-3p
hsa_circ_0005390,hsa-mir-548as-3p
hsa_circ_0005390,hsa-mir-5582-3p
hsa_circ_0005390,hsa-mir-5687
hsa_circ_0005390,hsa-mir-570-3p
hsa_circ_0005390,hsa-mir-589-3p
hsa_circ_0005390,hsa-mir-6508-5p
hsa_circ_0005390,hsa-mir-8067
hsa_circ_0006481,hsa-mir-1306-3p
hsa_circ_0006481,hsa-mir-136-5p
hsa_circ_0006481,hsa-mir-1468-5p
hsa_circ_0006481,hsa-mir-4529-3p
hsa_circ_0006481,hsa-mir-5581-3p
hsa_circ_0006481,hsa-mir-587
hsa_circ_0006481,hsa-mir-885-5p
hsa_circ_0000731,hsa-mir-10a-5p
hsa_circ_0000731,hsa-mir-10b-5p
hsa_circ_0000731,hsa-mir-1180-5p
hsa_circ_0000731,hsa-mir-1224-3p
hsa_circ_0000731,hsa-mir-1260a
hsa_circ_0000731,hsa-mir-1260b
hsa_circ_0000731,hsa-mir-146b-3p
hsa_circ_0000731,hsa-mir-1914-5p
hsa_circ_0000731,hsa-mir-339-5p
hsa_circ_0000731,hsa-mir-3620-3p
hsa_circ_0000731,hsa-mir-4725-5p
hsa_circ_0000731,hsa-mir-4793-5p
hsa_circ_0000731,hsa-mir-486-5p
hsa_circ_0000731,hsa-mir-504-5p
hsa_circ_0000731,hsa-mir-5196-3p
hsa_circ_0000731,hsa-mir-5591-3p
hsa_circ_0000731,hsa-mir-5699-3p
hsa_circ_0000731,hsa-mir-660-5p
hsa_circ_0000731,hsa-mir-6732-3p
hsa_circ_0000731,hsa-mir-6748-3p
hsa_circ_0000731,hsa-mir-6865-3p
hsa_circ_0000731,hsa-mir-6884-3p
hsa_circ_0000731,hsa-mir-7114-3p
hsa_circ_0000731,hsa-mir-7152-5p
hsa_circ_0003163,hsa-mir-106b-5p
hsa_circ_0003163,hsa-mir-1244
hsa_circ_0003163,hsa-mir-1288-5p
hsa_circ_0003163,hsa-mir-142-5p
hsa_circ_0003163,hsa-mir-20a-5p
hsa_circ_0003163,hsa-mir-2467-3p
hsa_circ_0003163,hsa-mir-298
hsa_circ_0003163,hsa-mir-330-3p
hsa_circ_0003163,hsa-mir-376a-2-5p
hsa_circ_0003163,hsa-mir-376a-5p
hsa_circ_0003163,hsa-mir-3935
hsa_circ_0003163,hsa-mir-3973
hsa_circ_0003163,hsa-mir-411-5p
hsa_circ_0003163,hsa-mir-4422
hsa_circ_0003163,hsa-mir-4468
hsa_circ_0003163,hsa-mir-4771
hsa_circ_0003163,hsa-mir-4796-3p
hsa_circ_0003163,hsa-mir-488-5p
hsa_circ_0003163,hsa-mir-548a-5p
hsa_circ_0003163,hsa-mir-548ab
hsa_circ_0003163,hsa-mir-548ad-5p
hsa_circ_0003163,hsa-mir-548ae-5p
hsa_circ_0003163,hsa-mir-548ak
hsa_circ_0003163,hsa-mir-548am-5p
hsa_circ_0003163,hsa-mir-548ap-5p
hsa_circ_0003163,hsa-mir-548aq-5p
hsa_circ_0003163,hsa-mir-548ar-5p
hsa_circ_0003163,hsa-mir-548as-5p
hsa_circ_0003163,hsa-mir-548au-5p
hsa_circ_0003163,hsa-mir-548av-5p
hsa_circ_0003163,hsa-mir-548ay-5p
hsa_circ_0003163,hsa-mir-548b-5p
hsa_circ_0003163,hsa-mir-548bb-5p
hsa_circ_0003163,hsa-mir-548c-5p
hsa_circ_0003163,hsa-mir-548d-5p
hsa_circ_0003163,hsa-mir-548e-5p
hsa_circ_0003163,hsa-mir-548h-5p
hsa_circ_0003163,hsa-mir-548i
hsa_circ_0003163,hsa-mir-548j-5p
hsa_circ_0003163,hsa-mir-548k
hsa_circ_0003163,hsa-mir-548l
hsa_circ_0003163,hsa-mir-548n
hsa_circ_0003163,hsa-mir-548o-5p
hsa_circ_0003163,hsa-mir-548w
hsa_circ_0003163,hsa-mir-548y
hsa_circ_0003163,hsa-mir-559
hsa_circ_0003163,hsa-mir-5590-3p
hsa_circ_0003163,hsa-mir-562
hsa_circ_0003163,hsa-mir-5697
hsa_circ_0003163,hsa-mir-577
hsa_circ_0003163,hsa-mir-646
hsa_circ_0003163,hsa-mir-6792-5p
hsa_circ_0003163,hsa-mir-6832-5p
hsa_circ_0003163,hsa-mir-6835-3p
hsa_circ_0003163,hsa-mir-6838-5p
hsa_circ_0003163,hsa-mir-8054
hsa_circ_0003163,hsa-mir-922
hsa_circ_0003163,hsa-mir-936
hsa_circ_0003163,hsa-mir-9-3p
hsa_circ_0010106,hsa-mir-376c-3p
hsa_circ_0010106,hsa-mir-4803
hsa_circ_0010106,hsa-mir-887-3p
hsa_circ_0035843,hsa-mir-184
hsa_circ_0035843,hsa-mir-3138
hsa_circ_0035843,hsa-mir-33a-3p
hsa_circ_0035843,hsa-mir-4491
hsa_circ_0035843,hsa-mir-4520-2-3p
hsa_circ_0035843,hsa-mir-4520-3p
hsa_circ_0035843,hsa-mir-4638-3p
hsa_circ_0035843,hsa-mir-4657
hsa_circ_0035843,hsa-mir-4804-5p
hsa_circ_0035843,hsa-mir-511-3p
hsa_circ_0035843,hsa-mir-7849-3p
hsa_circ_0035843,hsa-mir-8066
hsa_circ_0003072,hsa-mir-1237-5p
hsa_circ_0003072,hsa-mir-1238-5p
hsa_circ_0003072,hsa-mir-1262
hsa_circ_0003072,hsa-mir-128-1-5p
hsa_circ_0003072,hsa-mir-1911-5p
hsa_circ_0003072,hsa-mir-193b-5p
hsa_circ_0003072,hsa-mir-3174
hsa_circ_0003072,hsa-mir-3178
hsa_circ_0003072,hsa-mir-3180
hsa_circ_0003072,hsa-mir-3180-3p
hsa_circ_0003072,hsa-mir-3196
hsa_circ_0003072,hsa-mir-342-5p
hsa_circ_0003072,hsa-mir-4285
hsa_circ_0003072,hsa-mir-4316
hsa_circ_0003072,hsa-mir-4483
hsa_circ_0003072,hsa-mir-4488
hsa_circ_0003072,hsa-mir-4508
hsa_circ_0003072,hsa-mir-4649-5p
hsa_circ_0003072,hsa-mir-4651
hsa_circ_0003072,hsa-mir-4658
hsa_circ_0003072,hsa-mir-4664-5p
hsa_circ_0003072,hsa-mir-4697-5p
hsa_circ_0003072,hsa-mir-4701-3p
hsa_circ_0003072,hsa-mir-4710
hsa_circ_0003072,hsa-mir-4758-5p
hsa_circ_0003072,hsa-mir-486-3p
hsa_circ_0003072,hsa-mir-496
hsa_circ_0003072,hsa-mir-5090
hsa_circ_0003072,hsa-mir-608
hsa_circ_0003072,hsa-mir-627-5p
hsa_circ_0003072,hsa-mir-6727-5p
hsa_circ_0003072,hsa-mir-6729-5p
hsa_circ_0003072,hsa-mir-6736-5p
hsa_circ_0003072,hsa-mir-6737-5p
hsa_circ_0003072,hsa-mir-6747-5p
hsa_circ_0003072,hsa-mir-6752-5p
hsa_circ_0003072,hsa-mir-6762-5p
hsa_circ_0003072,hsa-mir-6775-5p
hsa_circ_0003072,hsa-mir-6782-5p
hsa_circ_0003072,hsa-mir-6784-5p
hsa_circ_0003072,hsa-mir-6790-5p
hsa_circ_0003072,hsa-mir-6812-5p
hsa_circ_0003072,hsa-mir-6816-5p
hsa_circ_0003072,hsa-mir-6819-5p
hsa_circ_0003072,hsa-mir-6842-5p
hsa_circ_0003072,hsa-mir-6845-5p
hsa_circ_0003072,hsa-mir-6869-5p
hsa_circ_0003072,hsa-mir-7110-5p
hsa_circ_0003072,hsa-mir-744-5p
hsa_circ_0003072,hsa-mir-7704
hsa_circ_0003072,hsa-mir-7855-5p
hsa_circ_0003072,hsa-mir-937-5p
hsa_circ_0064834,hsa-mir-1179
hsa_circ_0064834,hsa-mir-20a-3p
hsa_circ_0064834,hsa-mir-219b-5p
hsa_circ_0064834,hsa-mir-223-5p
hsa_circ_0064834,hsa-mir-26a-1-3p
hsa_circ_0064834,hsa-mir-26a-2-3p
hsa_circ_0064834,hsa-mir-297
hsa_circ_0064834,hsa-mir-3171
hsa_circ_0064834,hsa-mir-33a-5p
hsa_circ_0064834,hsa-mir-33b-5p
hsa_circ_0064834,hsa-mir-3924
hsa_circ_0064834,hsa-mir-4708-5p
hsa_circ_0064834,hsa-mir-4742-3p
hsa_circ_0064834,hsa-mir-568
hsa_circ_0064834,hsa-mir-5700
hsa_circ_0064834,hsa-mir-576-3p
hsa_circ_0064834,hsa-mir-586
hsa_circ_0064834,hsa-mir-630
hsa_circ_0055605,hsa-mir-1295b-5p
hsa_circ_0055605,hsa-mir-1911-3p
hsa_circ_0055605,hsa-mir-1912
hsa_circ_0055605,hsa-mir-203b-3p
hsa_circ_0055605,hsa-mir-3130-5p
hsa_circ_0055605,hsa-mir-4482-5p
hsa_circ_0055605,hsa-mir-4645-5p
hsa_circ_0055605,hsa-mir-4726-3p
hsa_circ_0055605,hsa-mir-4733-3p
hsa_circ_0055605,hsa-mir-4738-3p
hsa_circ_0055605,hsa-mir-488-3p
hsa_circ_0055605,hsa-mir-494-3p
hsa_circ_0055605,hsa-mir-497-3p
hsa_circ_0055605,hsa-mir-500b-3p
hsa_circ_0055605,hsa-mir-510-3p
hsa_circ_0055605,hsa-mir-548aa
hsa_circ_0055605,hsa-mir-548ap-3p
hsa_circ_0055605,hsa-mir-548t-3p
hsa_circ_0055605,hsa-mir-634
hsa_circ_0055605,hsa-mir-665
hsa_circ_0055605,hsa-mir-6715a-3p
hsa_circ_0055605,hsa-mir-6753-5p
hsa_circ_0015287,hsa-mir-130b-5p
hsa_circ_0015287,hsa-mir-2115-3p
hsa_circ_0015287,hsa-mir-3074-3p
hsa_circ_0015287,hsa-mir-3160-5p
hsa_circ_0015287,hsa-mir-361-5p
hsa_circ_0015287,hsa-mir-3664-3p
hsa_circ_0015287,hsa-mir-374a-3p
hsa_circ_0015287,hsa-mir-383-5p
hsa_circ_0015287,hsa-mir-4797-3p
hsa_circ_0015287,hsa-mir-513c-5p
hsa_circ_0015287,hsa-mir-514b-5p
hsa_circ_0015287,hsa-mir-6787-3p
hsa_circ_0015287,hsa-mir-6830-3p
hsa_circ_0015287,hsa-mir-6833-3p
hsa_circ_0068781,hsa-mir-2117
hsa_circ_0068781,hsa-mir-215-3p
hsa_circ_0068781,hsa-mir-2355-3p
hsa_circ_0068781,hsa-mir-3182
hsa_circ_0068781,hsa-mir-3615
hsa_circ_0068781,hsa-mir-378a-5p
hsa_circ_0068781,hsa-mir-3909
hsa_circ_0068781,hsa-mir-4279
hsa_circ_0068781,hsa-mir-4652-3p
hsa_circ_0068781,hsa-mir-4743-3p
hsa_circ_0068781,hsa-mir-4753-3p
hsa_circ_0068781,hsa-mir-4768-5p
hsa_circ_0068781,hsa-mir-4778-5p
hsa_circ_0068781,hsa-mir-660-3p
hsa_circ_0068781,hsa-mir-6748-3p
hsa_circ_0068781,hsa-mir-676-3p
hsa_circ_0068781,hsa-mir-6809-3p
hsa_circ_0068781,hsa-mir-6817-3p
hsa_circ_0068781,hsa-mir-6833-3p
hsa_circ_0068781,hsa-mir-6838-3p
hsa_circ_0068781,hsa-mir-6845-3p
hsa_circ_0068781,hsa-mir-6852-3p
hsa_circ_0068781,hsa-mir-6867-3p
hsa_circ_0068781,hsa-mir-6873-3p
hsa_circ_0068781,hsa-mir-6888-3p
hsa_circ_0068781,hsa-mir-6895-3p
hsa_circ_0068781,hsa-mir-7110-3p
hsa_circ_0068781,hsa-mir-942-5p
hsa_circ_0081196,hsa-mir-1295b-5p
hsa_circ_0081196,hsa-mir-1324
hsa_circ_0081196,hsa-mir-188-3p
hsa_circ_0081196,hsa-mir-1912
hsa_circ_0081196,hsa-mir-216b-3p
hsa_circ_0081196,hsa-mir-3117-5p
hsa_circ_0081196,hsa-mir-3166
hsa_circ_0081196,hsa-mir-329-3p
hsa_circ_0081196,hsa-mir-362-3p
hsa_circ_0081196,hsa-mir-377-3p
hsa_circ_0081196,hsa-mir-3941
hsa_circ_0081196,hsa-mir-4494
hsa_circ_0081196,hsa-mir-4731-3p
hsa_circ_0081196,hsa-mir-4789-3p
hsa_circ_0081196,hsa-mir-488-5p
hsa_circ_0081196,hsa-mir-603
hsa_circ_0081196,hsa-mir-642a-3p
hsa_circ_0081196,hsa-mir-642b-3p
hsa_circ_0081196,hsa-mir-6768-5p
hsa_circ_0081196,hsa-mir-6840-3p
hsa_circ_0081196,hsa-mir-8485
hsa_circ_0004659,hsa-mir-126-5p
hsa_circ_0004659,hsa-mir-325
hsa_circ_0004659,hsa-mir-411-5p
hsa_circ_0004659,hsa-mir-6832-5p
hsa_circ_0004659,hsa-mir-6866-5p
hsa_circ_0004659,hsa-mir-936
hsa_circ_0003072,hsa-mir-130b-5p
hsa_circ_0003072,hsa-mir-2355-3p
hsa_circ_0003072,hsa-mir-3124-3p
hsa_circ_0003072,hsa-mir-3655
hsa_circ_0003072,hsa-mir-3685
hsa_circ_0003072,hsa-mir-3909
hsa_circ_0003072,hsa-mir-4326
hsa_circ_0003072,hsa-mir-4646-3p
hsa_circ_0003072,hsa-mir-4753-3p
hsa_circ_0003072,hsa-mir-5003-3p
hsa_circ_0003072,hsa-mir-526b-5p
hsa_circ_0003072,hsa-mir-578
hsa_circ_0003072,hsa-mir-581
hsa_circ_0003072,hsa-mir-627-3p
hsa_circ_0003072,hsa-mir-670-3p
hsa_circ_0003072,hsa-mir-676-3p
hsa_circ_0003072,hsa-mir-6852-3p
hsa_circ_0003072,hsa-mir-7152-5p
hsa_circ_0014002,hsa-mir-1229-3p
hsa_circ_0014002,hsa-mir-1285-5p
hsa_circ_0014002,hsa-mir-1304-3p
hsa_circ_0014002,hsa-mir-152-5p
hsa_circ_0014002,hsa-mir-182-3p
hsa_circ_0014002,hsa-mir-193b-5p
hsa_circ_0014002,hsa-mir-2116-5p
hsa_circ_0014002,hsa-mir-2117
hsa_circ_0014002,hsa-mir-23a-5p
hsa_circ_0014002,hsa-mir-23b-5p
hsa_circ_0014002,hsa-mir-296-3p
hsa_circ_0014002,hsa-mir-29b-2-5p
hsa_circ_0014002,hsa-mir-342-3p
hsa_circ_0014002,hsa-mir-3680-5p
hsa_circ_0014002,hsa-mir-4273
hsa_circ_0014002,hsa-mir-5087
hsa_circ_0014002,hsa-mir-513c-5p
hsa_circ_0014002,hsa-mir-514b-5p
hsa_circ_0014002,hsa-mir-597-3p
hsa_circ_0014002,hsa-mir-629-3p
hsa_circ_0014002,hsa-mir-629-5p
hsa_circ_0014002,hsa-mir-653-3p
hsa_circ_0014002,hsa-mir-6784-3p
hsa_circ_0014002,hsa-mir-6823-5p
hsa_circ_0014002,hsa-mir-6839-3p
hsa_circ_0014002,hsa-mir-7156-5p
hsa_circ_0000903,hsa-mir-215-3p
hsa_circ_0000903,hsa-mir-370-5p
hsa_circ_0000903,hsa-mir-450a-5p
hsa_circ_0000903,hsa-mir-4999-5p
hsa_circ_0000903,hsa-mir-5587-5p
hsa_circ_0000903,hsa-mir-626
hsa_circ_0000903,hsa-mir-6773-3p
hsa_circ_0000903,hsa-mir-6876-3p
hsa_circ_0000903,hsa-mir-6885-3p
hsa_circ_0000578,hsa-mir-1200
hsa_circ_0000578,hsa-mir-1255b-2-3p
hsa_circ_0000578,hsa-mir-1343-3p
hsa_circ_0000578,hsa-mir-181a-2-3p
hsa_circ_0000578,hsa-mir-1976
hsa_circ_0000578,hsa-mir-214-5p
hsa_circ_0000578,hsa-mir-378a-5p
hsa_circ_0000578,hsa-mir-4485-5p
hsa_circ_0000578,hsa-mir-4763-5p
hsa_circ_0000578,hsa-mir-483-3p
hsa_circ_0000578,hsa-mir-486-5p
hsa_circ_0000578,hsa-mir-5699-3p
hsa_circ_0000578,hsa-mir-6078
hsa_circ_0000578,hsa-mir-614
hsa_circ_0000578,hsa-mir-660-3p
hsa_circ_0000578,hsa-mir-6720-3p
hsa_circ_0000578,hsa-mir-6735-3p
hsa_circ_0000578,hsa-mir-6777-3p
hsa_circ_0000578,hsa-mir-6811-3p
hsa_circ_0033967,hsa-mir-1228-3p
hsa_circ_0033967,hsa-mir-1229-3p
hsa_circ_0033967,hsa-mir-1285-5p
hsa_circ_0033967,hsa-mir-1304-3p
hsa_circ_0033967,hsa-mir-342-3p
hsa_circ_0033967,hsa-mir-3615
hsa_circ_0033967,hsa-mir-3681-3p
hsa_circ_0033967,hsa-mir-377-3p
hsa_circ_0033967,hsa-mir-4672
hsa_circ_0033967,hsa-mir-4731-3p
hsa_circ_0033967,hsa-mir-4789-3p
hsa_circ_0033967,hsa-mir-603
hsa_circ_0033967,hsa-mir-6768-5p
hsa_circ_0033967,hsa-mir-6784-3p
hsa_circ_0033967,hsa-mir-6814-3p
hsa_circ_0033967,hsa-mir-6872-5p
hsa_circ_0033967,hsa-mir-8485
hsa_circ_0062465,hsa-mir-146a-5p
hsa_circ_0062465,hsa-mir-146b-5p
hsa_circ_0062465,hsa-mir-181d-3p
hsa_circ_0062465,hsa-mir-3123
hsa_circ_0062465,hsa-mir-3181
hsa_circ_0062465,hsa-mir-3610
hsa_circ_0062465,hsa-mir-3925-5p
hsa_circ_0062465,hsa-mir-3944-3p
hsa_circ_0062465,hsa-mir-425-3p
hsa_circ_0062465,hsa-mir-4655-5p
hsa_circ_0062465,hsa-mir-4750-5p
hsa_circ_0062465,hsa-mir-5188
hsa_circ_0062465,hsa-mir-548b-3p
hsa_circ_0062465,hsa-mir-580-3p
hsa_circ_0062465,hsa-mir-589-5p
hsa_circ_0062465,hsa-mir-6499-5p
hsa_circ_0062465,hsa-mir-6749-5p
hsa_circ_0062465,hsa-mir-7153-5p
hsa_circ_0031059,hsa-mir-1226-5p
hsa_circ_0031059,hsa-mir-2277-3p
hsa_circ_0031059,hsa-mir-2467-3p
hsa_circ_0031059,hsa-mir-3120-3p
hsa_circ_0031059,hsa-mir-3141
hsa_circ_0031059,hsa-mir-3616-3p
hsa_circ_0031059,hsa-mir-3945
hsa_circ_0031059,hsa-mir-4253
hsa_circ_0031059,hsa-mir-4257
hsa_circ_0031059,hsa-mir-4436b-3p
hsa_circ_0031059,hsa-mir-4632-5p
hsa_circ_0031059,hsa-mir-4706
hsa_circ_0031059,hsa-mir-4721
hsa_circ_0031059,hsa-mir-4761-3p
hsa_circ_0031059,hsa-mir-4767
hsa_circ_0031059,hsa-mir-4781-5p
hsa_circ_0031059,hsa-mir-4797-5p
hsa_circ_0031059,hsa-mir-6735-5p
hsa_circ_0031059,hsa-mir-6847-5p
hsa_circ_0031059,hsa-mir-6862-5p
hsa_circ_0031059,hsa-mir-6873-5p
hsa_circ_0031059,hsa-mir-7843-5p
hsa_circ_0031059,hsa-mir-7846-3p
hsa_circ_0023133,hsa-mir-1207-3p
hsa_circ_0023133,hsa-mir-1301-3p
hsa_circ_0023133,hsa-mir-22-3p
hsa_circ_0023133,hsa-mir-3648
hsa_circ_0023133,hsa-mir-3692-5p
hsa_circ_0023133,hsa-mir-370-3p
hsa_circ_0023133,hsa-mir-4660
hsa_circ_0023133,hsa-mir-4690-3p
hsa_circ_0023133,hsa-mir-4731-5p
hsa_circ_0023133,hsa-mir-5047
hsa_circ_0023133,hsa-mir-558
hsa_circ_0023133,hsa-mir-5580-5p
hsa_circ_0023133,hsa-mir-6071
hsa_circ_0023133,hsa-mir-646
hsa_circ_0023133,hsa-mir-6743-3p
hsa_circ_0023133,hsa-mir-6746-3p
hsa_circ_0023133,hsa-mir-6762-3p
hsa_circ_0023133,hsa-mir-6893-3p
hsa_circ_0023133,hsa-mir-7156-3p
hsa_circ_0023133,hsa-mir-93-3p
hsa_circ_0016170,hsa-mir-1228-5p
hsa_circ_0016170,hsa-mir-1285-3p
hsa_circ_0016170,hsa-mir-147b
hsa_circ_0016170,hsa-mir-19a-3p
hsa_circ_0016170,hsa-mir-19b-3p
hsa_circ_0016170,hsa-mir-3130-3p
hsa_circ_0016170,hsa-mir-3151-5p
hsa_circ_0016170,hsa-mir-3187-5p
hsa_circ_0016170,hsa-mir-3620-5p
hsa_circ_0016170,hsa-mir-3650
hsa_circ_0016170,hsa-mir-3944-5p
hsa_circ_0016170,hsa-mir-4265
hsa_circ_0016170,hsa-mir-4296
hsa_circ_0016170,hsa-mir-4322
hsa_circ_0016170,hsa-mir-4447
hsa_circ_0016170,hsa-mir-4455
hsa_circ_0016170,hsa-mir-4456
hsa_circ_0016170,hsa-mir-4472
hsa_circ_0016170,hsa-mir-4769-5p
hsa_circ_0016170,hsa-mir-500a-3p
hsa_circ_0016170,hsa-mir-501-3p
hsa_circ_0016170,hsa-mir-502-3p
hsa_circ_0016170,hsa-mir-5189-5p
hsa_circ_0016170,hsa-mir-541-3p
hsa_circ_0016170,hsa-mir-612
hsa_circ_0016170,hsa-mir-648
hsa_circ_0016170,hsa-mir-654-5p
hsa_circ_0016170,hsa-mir-6721-5p
hsa_circ_0016170,hsa-mir-6756-5p
hsa_circ_0016170,hsa-mir-6766-5p
hsa_circ_0016170,hsa-mir-6769a-5p
hsa_circ_0016170,hsa-mir-6769b-5p
hsa_circ_0016170,hsa-mir-6786-5p
hsa_circ_0016170,hsa-mir-6860
hsa_circ_0016170,hsa-mir-6880-5p
hsa_circ_0016170,hsa-mir-767-5p
hsa_circ_0016170,hsa-mir-7978
hsa_circ_0016170,hsa-mir-876-3p
hsa_circ_0016170,hsa-mir-92a-2-5p
hsa_circ_0078024,hsa-mir-186-5p
hsa_circ_0078024,hsa-mir-219a-2-3p
hsa_circ_0078024,hsa-mir-219b-3p
hsa_circ_0078024,hsa-mir-338-5p
hsa_circ_0078024,hsa-mir-369-3p
hsa_circ_0078024,hsa-mir-4452
hsa_circ_0078024,hsa-mir-548b-3p
hsa_circ_0078024,hsa-mir-5692a
hsa_circ_0078024,hsa-mir-5692b
hsa_circ_0078024,hsa-mir-5692c
hsa_circ_0078024,hsa-mir-6507-5p
hsa_circ_0078024,hsa-mir-7849-3p
hsa_circ_0078024,hsa-mir-95-5p
hsa_circ_0003955,hsa-mir-2054
hsa_circ_0003955,hsa-mir-29a-5p
hsa_circ_0003955,hsa-mir-369-3p
hsa_circ_0003955,hsa-mir-4735-5p
hsa_circ_0003955,hsa-mir-4775
hsa_circ_0003955,hsa-mir-5692a
hsa_circ_0003955,hsa-mir-5692b
hsa_circ_0003955,hsa-mir-5692c
hsa_circ_0003955,hsa-mir-580-5p
hsa_circ_0003955,hsa-mir-590-3p
hsa_circ_0009060,hsa-mir-1285-3p
hsa_circ_0009060,hsa-mir-1307-3p
hsa_circ_0009060,hsa-mir-1343-3p
hsa_circ_0009060,hsa-mir-1469
hsa_circ_0009060,hsa-mir-196a-3p
hsa_circ_0009060,hsa-mir-221-5p
hsa_circ_0009060,hsa-mir-3150a-5p
hsa_circ_0009060,hsa-mir-3150b-5p
hsa_circ_0009060,hsa-mir-3187-5p
hsa_circ_0009060,hsa-mir-3661
hsa_circ_0009060,hsa-mir-3690
hsa_circ_0009060,hsa-mir-378g
hsa_circ_0009060,hsa-mir-4292
hsa_circ_0009060,hsa-mir-4445-3p
hsa_circ_0009060,hsa-mir-4486
hsa_circ_0009060,hsa-mir-4638-5p
hsa_circ_0009060,hsa-mir-4665-3p
hsa_circ_0009060,hsa-mir-4674
hsa_circ_0009060,hsa-mir-490-3p
hsa_circ_0009060,hsa-mir-5189-5p
hsa_circ_0009060,hsa-mir-548al
hsa_circ_0009060,hsa-mir-612
hsa_circ_0009060,hsa-mir-619-3p
hsa_circ_0009060,hsa-mir-631
hsa_circ_0009060,hsa-mir-649
hsa_circ_0009060,hsa-mir-661
hsa_circ_0009060,hsa-mir-6721-5p
hsa_circ_0009060,hsa-mir-6724-5p
hsa_circ_0009060,hsa-mir-6742-3p
hsa_circ_0009060,hsa-mir-6765-3p
hsa_circ_0009060,hsa-mir-6783-3p
hsa_circ_0009060,hsa-mir-6790-3p
hsa_circ_0009060,hsa-mir-6791-5p
hsa_circ_0009060,hsa-mir-6852-5p
hsa_circ_0009060,hsa-mir-6860
hsa_circ_0009060,hsa-mir-7851-3p
hsa_circ_0009060,hsa-mir-8073
hsa_circ_0009060,hsa-mir-8088
hsa_circ_0009060,hsa-mir-8089
hsa_circ_0009060,hsa-mir-939-3p
hsa_circ_0006372,hsa-mir-1238-3p
hsa_circ_0006372,hsa-mir-2115-5p
hsa_circ_0006372,hsa-mir-3119
hsa_circ_0006372,hsa-mir-3160-5p
hsa_circ_0006372,hsa-mir-3667-3p
hsa_circ_0006372,hsa-mir-4315
hsa_circ_0006372,hsa-mir-4326
hsa_circ_0006372,hsa-mir-4691-5p
hsa_circ_0006372,hsa-mir-4713-5p
hsa_circ_0006372,hsa-mir-515-5p
hsa_circ_0006372,hsa-mir-516a-3p
hsa_circ_0006372,hsa-mir-516b-3p
hsa_circ_0006372,hsa-mir-5193
hsa_circ_0006372,hsa-mir-519d-5p
hsa_circ_0006372,hsa-mir-519e-5p
hsa_circ_0006372,hsa-mir-629-3p
hsa_circ_0006372,hsa-mir-670-3p
hsa_circ_0006372,hsa-mir-6749-3p
hsa_circ_0006372,hsa-mir-6792-3p
hsa_circ_0006372,hsa-mir-6815-3p
hsa_circ_0006372,hsa-mir-6833-3p
hsa_circ_0006372,hsa-mir-7162-5p
hsa_circ_0062465,hsa-mir-1253
hsa_circ_0062465,hsa-mir-4434
hsa_circ_0062465,hsa-mir-4516
hsa_circ_0062465,hsa-mir-4638-5p
hsa_circ_0062465,hsa-mir-5703
hsa_circ_0062465,hsa-mir-6741-3p
hsa_circ_0062465,hsa-mir-6770-5p
hsa_circ_0062465,hsa-mir-7706
hsa_circ_0069871,hsa-mir-1276
hsa_circ_0069871,hsa-mir-186-5p
hsa_circ_0069871,hsa-mir-3121-3p
hsa_circ_0069871,hsa-mir-3133
hsa_circ_0069871,hsa-mir-369-3p
hsa_circ_0069871,hsa-mir-374a-5p
hsa_circ_0069871,hsa-mir-374b-5p
hsa_circ_0069871,hsa-mir-374c-5p
hsa_circ_0069871,hsa-mir-4744
hsa_circ_0069871,hsa-mir-5583-3p
hsa_circ_0069871,hsa-mir-5692a
hsa_circ_0069871,hsa-mir-5692b
hsa_circ_0069871,hsa-mir-5692c
hsa_circ_0069871,hsa-mir-6507-5p
hsa_circ_0069871,hsa-mir-655-3p
hsa_circ_0069871,hsa-mir-7161-5p
hsa_circ_0069871,hsa-mir-889-3p
hsa_circ_0084132,hsa-mir-1245b-3p
hsa_circ_0084132,hsa-mir-1252-3p
hsa_circ_0084132,hsa-mir-125b-2-3p
hsa_circ_0084132,hsa-mir-143-3p
hsa_circ_0084132,hsa-mir-1468-3p
hsa_circ_0084132,hsa-mir-224-3p
hsa_circ_0084132,hsa-mir-3613-3p
hsa_circ_0084132,hsa-mir-3646
hsa_circ_0084132,hsa-mir-3662
hsa_circ_0084132,hsa-mir-425-5p
hsa_circ_0084132,hsa-mir-4426
hsa_circ_0084132,hsa-mir-4457
hsa_circ_0084132,hsa-mir-4647
hsa_circ_0084132,hsa-mir-4662b
hsa_circ_0084132,hsa-mir-4698
hsa_circ_0084132,hsa-mir-4719
hsa_circ_0084132,hsa-mir-4731-3p
hsa_circ_0084132,hsa-mir-4770
hsa_circ_0084132,hsa-mir-4801
hsa_circ_0084132,hsa-mir-513b-5p
hsa_circ_0084132,hsa-mir-522-3p
hsa_circ_0084132,hsa-mir-576-3p
hsa_circ_0084132,hsa-mir-6088
hsa_circ_0084132,hsa-mir-624-3p
hsa_circ_0084132,hsa-mir-6744-5p
hsa_circ_0084132,hsa-mir-8063
hsa_circ_0032086,hsa-mir-126-5p
hsa_circ_0032086,hsa-mir-22-5p
hsa_circ_0032086,hsa-mir-26a-1-3p
hsa_circ_0032086,hsa-mir-26a-2-3p
hsa_circ_0032086,hsa-mir-3182
hsa_circ_0032086,hsa-mir-4659a-3p
hsa_circ_0032086,hsa-mir-4659b-3p
hsa_circ_0032086,hsa-mir-4762-3p
hsa_circ_0032086,hsa-mir-4778-3p
hsa_circ_0032086,hsa-mir-4778-5p
hsa_circ_0032086,hsa-mir-4795-3p
hsa_circ_0032086,hsa-mir-544a
hsa_circ_0032086,hsa-mir-556-3p
hsa_circ_0032086,hsa-mir-6074
hsa_circ_0032086,hsa-mir-630
hsa_circ_0032086,hsa-mir-656-3p
hsa_circ_0032086,hsa-mir-6738-3p
hsa_circ_0032086,hsa-mir-6740-3p
hsa_circ_0032086,hsa-mir-6875-3p
hsa_circ_0032086,hsa-mir-942-5p
hsa_circ_0032086,hsa-mir-944
hsa_circ_0081201,hsa-mir-1468-5p
hsa_circ_0081201,hsa-mir-1914-5p
hsa_circ_0081201,hsa-mir-1973
hsa_circ_0081201,hsa-mir-210-3p
hsa_circ_0081201,hsa-mir-218-5p
hsa_circ_0081201,hsa-mir-301a-5p
hsa_circ_0081201,hsa-mir-301b-5p
hsa_circ_0081201,hsa-mir-3194-3p
hsa_circ_0081201,hsa-mir-3605-3p
hsa_circ_0081201,hsa-mir-3664-5p
hsa_circ_0081201,hsa-mir-4677-3p
hsa_circ_0081201,hsa-mir-4679
hsa_circ_0081201,hsa-mir-5008-3p
hsa_circ_0081201,hsa-mir-5691
hsa_circ_0081201,hsa-mir-636
hsa_circ_0081201,hsa-mir-6737-3p
hsa_circ_0081201,hsa-mir-6772-3p
hsa_circ_0081201,hsa-mir-6805-3p
hsa_circ_0081201,hsa-mir-6889-3p
hsa_circ_0081201,hsa-mir-7114-5p
hsa_circ_0081201,hsa-mir-7157-3p
hsa_circ_0081201,hsa-mir-760
hsa_circ_0010159,hsa-mir-1199-3p
hsa_circ_0010159,hsa-mir-1908-3p
hsa_circ_0010159,hsa-mir-3926
hsa_circ_0010159,hsa-mir-4480
hsa_circ_0010159,hsa-mir-4523
hsa_circ_0010159,hsa-mir-4665-3p
hsa_circ_0010159,hsa-mir-4696
hsa_circ_0010159,hsa-mir-4740-3p
hsa_circ_0010159,hsa-mir-499a-5p
hsa_circ_0010159,hsa-mir-548s
hsa_circ_0010159,hsa-mir-548u
hsa_circ_0010159,hsa-mir-6850-3p
hsa_circ_0010159,hsa-mir-6877-5p
hsa_circ_0010159,hsa-mir-7161-5p
hsa_circ_0010159,hsa-mir-8087
hsa_circ_0018230,hsa-mir-143-3p
hsa_circ_0018230,hsa-mir-4251
hsa_circ_0018230,hsa-mir-4324
hsa_circ_0018230,hsa-mir-4329
hsa_circ_0018230,hsa-mir-4521
hsa_circ_0018230,hsa-mir-4639-5p
hsa_circ_0018230,hsa-mir-4663
hsa_circ_0018230,hsa-mir-4699-5p
hsa_circ_0018230,hsa-mir-4728-3p
hsa_circ_0018230,hsa-mir-4770
hsa_circ_0018230,hsa-mir-512-3p
hsa_circ_0018230,hsa-mir-628-5p
hsa_circ_0018230,hsa-mir-6761-5p
hsa_circ_0018230,hsa-mir-7160-5p
hsa_circ_0018230,hsa-mir-8075
hsa_circ_0018230,hsa-mir-8077
hsa_circ_0018230,hsa-mir-93-3p
hsa_circ_0035843,hsa-mir-1306-5p
hsa_circ_0035843,hsa-mir-1915-5p
hsa_circ_0035843,hsa-mir-212-5p
hsa_circ_0035843,hsa-mir-3150a-5p
hsa_circ_0035843,hsa-mir-3150b-5p
hsa_circ_0035843,hsa-mir-3189-3p
hsa_circ_0035843,hsa-mir-3200-3p
hsa_circ_0035843,hsa-mir-423-3p
hsa_circ_0035843,hsa-mir-4299
hsa_circ_0035843,hsa-mir-659-3p
hsa_circ_0035843,hsa-mir-6782-3p
hsa_circ_0035843,hsa-mir-6790-3p
hsa_circ_0035843,hsa-mir-6800-3p
hsa_circ_0035843,hsa-mir-6813-3p
hsa_circ_0035843,hsa-mir-6841-3p
hsa_circ_0035843,hsa-mir-7855-5p
hsa_circ_0035843,hsa-mir-8088
hsa_circ_0003194,hsa-mir-186-3p
hsa_circ_0003194,hsa-mir-2115-5p
hsa_circ_0003194,hsa-mir-3180-5p
hsa_circ_0003194,hsa-mir-330-3p
hsa_circ_0003194,hsa-mir-4664-3p
hsa_circ_0003194,hsa-mir-4671-5p
hsa_circ_0003194,hsa-mir-518b
hsa_circ_0003194,hsa-mir-518c-3p
hsa_circ_0003194,hsa-mir-518d-3p
hsa_circ_0003194,hsa-mir-519d-5p
hsa_circ_0003194,hsa-mir-548e-5p
hsa_circ_0003194,hsa-mir-6716-3p
hsa_circ_0003194,hsa-mir-718
hsa_circ_0085213,hsa-mir-132-3p
hsa_circ_0085213,hsa-mir-194-5p
hsa_circ_0085213,hsa-mir-212-3p
hsa_circ_0085213,hsa-mir-3074-3p
hsa_circ_0085213,hsa-mir-34a-3p
hsa_circ_0085213,hsa-mir-361-5p
hsa_circ_0085213,hsa-mir-3617-3p
hsa_circ_0085213,hsa-mir-374a-3p
hsa_circ_0085213,hsa-mir-3927-5p
hsa_circ_0085213,hsa-mir-4637
hsa_circ_0085213,hsa-mir-5690
hsa_circ_0085213,hsa-mir-625-3p
hsa_circ_0085213,hsa-mir-6736-3p
hsa_circ_0085213,hsa-mir-6787-3p
hsa_circ_0085213,hsa-mir-6831-3p
hsa_circ_0013638,hsa-mir-1245b-3p
hsa_circ_0013638,hsa-mir-3123
hsa_circ_0013638,hsa-mir-3145-3p
hsa_circ_0013638,hsa-mir-3167
hsa_circ_0013638,hsa-mir-3919
hsa_circ_0013638,hsa-mir-3942-3p
hsa_circ_0013638,hsa-mir-4330
hsa_circ_0013638,hsa-mir-4708-5p
hsa_circ_0013638,hsa-mir-4756-3p
hsa_circ_0013638,hsa-mir-488-5p
hsa_circ_0013638,hsa-mir-5100
hsa_circ_0013638,hsa-mir-5186
hsa_circ_0013638,hsa-mir-6074
hsa_circ_0013638,hsa-mir-6088
hsa_circ_0013638,hsa-mir-876-5p
hsa_circ_0031202,hsa-mir-1324
hsa_circ_0031202,hsa-mir-216b-3p
hsa_circ_0031202,hsa-mir-3117-5p
hsa_circ_0031202,hsa-mir-3166
hsa_circ_0031202,hsa-mir-329-3p
hsa_circ_0031202,hsa-mir-3617-5p
hsa_circ_0031202,hsa-mir-362-3p
hsa_circ_0031202,hsa-mir-377-3p
hsa_circ_0031202,hsa-mir-3913-3p
hsa_circ_0031202,hsa-mir-3941
hsa_circ_0031202,hsa-mir-4524a-3p
hsa_circ_0031202,hsa-mir-4524b-3p
hsa_circ_0031202,hsa-mir-4643
hsa_circ_0031202,hsa-mir-4645-3p
hsa_circ_0031202,hsa-mir-466
hsa_circ_0031202,hsa-mir-4717-3p
hsa_circ_0031202,hsa-mir-4731-3p
hsa_circ_0031202,hsa-mir-4789-3p
hsa_circ_0031202,hsa-mir-4797-5p
hsa_circ_0031202,hsa-mir-499b-5p
hsa_circ_0031202,hsa-mir-5580-3p
hsa_circ_0031202,hsa-mir-603
hsa_circ_0031202,hsa-mir-641
hsa_circ_0031202,hsa-mir-642a-3p
hsa_circ_0031202,hsa-mir-642b-3p
hsa_circ_0031202,hsa-mir-6768-5p
hsa_circ_0031202,hsa-mir-8485
hsa_circ_0059576,hsa-mir-297
hsa_circ_0059576,hsa-mir-4798-5p
hsa_circ_0059576,hsa-mir-567
hsa_circ_0059576,hsa-mir-598-3p
hsa_circ_0059576,hsa-mir-632
hsa_circ_0059576,hsa-mir-654-3p
hsa_circ_0059576,hsa-mir-6834-3p
