asthma,bacteroidetes
asthma,comamonadaceae
asthma,haemophilus
asthma,helicobacter pylori
asthma,oxalobacteraceae
asthma,prevotella
asthma,proteobacteria
asthma,sphingomonadaceae
asthma,staphylococcus
"dermatitis, atopic",clostridium difficile
"dermatitis, atopic",staphylococcus aureus
"dermatitis, atopic",staphylococcus epidermidis
"dermatitis, atopic",stenotrophomonas maltophilia
"vaginosis, bacterial",actinobacteria
"vaginosis, bacterial",aerococcus
"vaginosis, bacterial",betaproteobacteria
"vaginosis, bacterial",clostridiales
"vaginosis, bacterial",clostridium
"vaginosis, bacterial",firmicutes
"vaginosis, bacterial",fusobacteria
"vaginosis, bacterial",gardnerella
"vaginosis, bacterial",gardnerella vaginalis
"vaginosis, bacterial",lactobacillus
"vaginosis, bacterial",lactobacillus crispatus
"vaginosis, bacterial",leptotrichia
"vaginosis, bacterial",megasphaera
"vaginosis, bacterial",mobiluncus
"vaginosis, bacterial",prevotella
"vaginosis, bacterial",streptobacillus
systemic inflammatory response syndrome,enterobacteriaceae
systemic inflammatory response syndrome,enterococcus
systemic inflammatory response syndrome,klebsiella
psoriasis,actinobacteria
psoriasis,firmicutes
psoriasis,propionibacterium
psoriasis,propionibacterium acnes
psoriasis,proteobacteria
psoriasis,staphylococcus
psoriasis,streptococcus
"diabetes mellitus, type 1",actinobacillus
"diabetes mellitus, type 1",actinobacteria
"diabetes mellitus, type 1",aggregatibacter
"diabetes mellitus, type 1",bacillus
"diabetes mellitus, type 1",bacteroidaceae
"diabetes mellitus, type 1",bacteroides
"diabetes mellitus, type 1",bacteroides fragilis
"diabetes mellitus, type 1",bacteroides thetaiotaomicron
"diabetes mellitus, type 1",bacteroidetes
"diabetes mellitus, type 1",bifidobacterium
"diabetes mellitus, type 1",citrobacter
"diabetes mellitus, type 1",cronobacter
"diabetes mellitus, type 1",desulfotomaculum
"diabetes mellitus, type 1",edwardsiella
"diabetes mellitus, type 1",enterobacter
"diabetes mellitus, type 1",erwinia
"diabetes mellitus, type 1",erysipelothrix
"diabetes mellitus, type 1",escherichia
"diabetes mellitus, type 1",eubacterium
"diabetes mellitus, type 1",faecalibacterium
"diabetes mellitus, type 1",firmicutes
"diabetes mellitus, type 1",fusobacteria
"diabetes mellitus, type 1",fusobacterium
"diabetes mellitus, type 1",haemophilus
"diabetes mellitus, type 1",hafnia
"diabetes mellitus, type 1",klebsiella
"diabetes mellitus, type 1",lactobacillus
"diabetes mellitus, type 1",lactococcus
"diabetes mellitus, type 1",mannheimia
"diabetes mellitus, type 1",pantoea
"diabetes mellitus, type 1",pasteurella
"diabetes mellitus, type 1",pectobacterium
"diabetes mellitus, type 1",peptostreptococcus
"diabetes mellitus, type 1",porphyromonas
"diabetes mellitus, type 1",prevotella
"diabetes mellitus, type 1",proteobacteria
"diabetes mellitus, type 1",salmonella
"diabetes mellitus, type 1",serratia
"diabetes mellitus, type 1",shigella
"diabetes mellitus, type 1",streptococcus
"diabetes mellitus, type 1",tenericutes
"diabetes mellitus, type 1",veillonella
"diabetes mellitus, type 1",verrucomicrobia
"diabetes mellitus, type 1",vibrio
"diabetes mellitus, type 1",yersinia
"arthritis, rheumatoid",bifidobacterium
"arthritis, rheumatoid",prevotella
"enterocolitis, necrotizing",actinobacteria
"enterocolitis, necrotizing",bacteroidetes
"enterocolitis, necrotizing",citrobacter
"enterocolitis, necrotizing",enterobacter aerogenes
"enterocolitis, necrotizing",enterobacteriaceae
"enterocolitis, necrotizing",enterococcus
"enterocolitis, necrotizing",firmicutes
"enterocolitis, necrotizing",gammaproteobacteria
"enterocolitis, necrotizing",klebsiella
"enterocolitis, necrotizing",klebsiella pneumoniae
"enterocolitis, necrotizing",proteobacteria
"enterocolitis, necrotizing",shigella dysenteriae
"enterocolitis, necrotizing",staphylococcus
"enterocolitis, necrotizing",veillonella
"colitis, ulcerative",actinobacteria
"colitis, ulcerative",proteobacteria
"diabetes mellitus, type 2",bacteroidetes
"diabetes mellitus, type 2",betaproteobacteria
"diabetes mellitus, type 2",clostridium
"diabetes mellitus, type 2",faecalibacterium prausnitzii
"diabetes mellitus, type 2",firmicutes
"diabetes mellitus, type 2",lactobacillus
"diabetes mellitus, type 2",proteobacteria
"pulmonary disease, chronic obstructive",bacteroidetes
"pulmonary disease, chronic obstructive",burkholderia
"pulmonary disease, chronic obstructive",haemophilus
"pulmonary disease, chronic obstructive",lactobacillus
"pulmonary disease, chronic obstructive",prevotella
"pulmonary disease, chronic obstructive",proteobacteria
"pulmonary disease, chronic obstructive",pseudomonas
cystic fibrosis,burkholderia
cystic fibrosis,coxiellaceae
cystic fibrosis,lactobacillus
cystic fibrosis,lysobacter
cystic fibrosis,staphylococcus aureus
cystic fibrosis,stenotrophomonas maltophilia
cystic fibrosis,streptococcus mitis
cystic fibrosis,xanthomonas
gastroesophageal reflux,helicobacter pylori
liver cirrhosis,bacteroidaceae
liver cirrhosis,bacteroides
liver cirrhosis,bacteroidetes
liver cirrhosis,bilophila
liver cirrhosis,clostridium
liver cirrhosis,enterobacteriaceae
liver cirrhosis,enterococcus faecalis
liver cirrhosis,eubacterium
liver cirrhosis,faecalibacterium
liver cirrhosis,faecalibacterium prausnitzii
liver cirrhosis,fusobacteria
liver cirrhosis,fusobacterium
liver cirrhosis,haemophilus
liver cirrhosis,haemophilus parainfluenzae
liver cirrhosis,lactobacillus
liver cirrhosis,lactobacillus salivarius
liver cirrhosis,megasphaera
liver cirrhosis,pasteurellaceae
liver cirrhosis,prevotella
liver cirrhosis,proteobacteria
liver cirrhosis,ruminococcus
liver cirrhosis,streptococcaceae
liver cirrhosis,streptococcus
liver cirrhosis,streptococcus anginosus
liver cirrhosis,streptococcus salivarius
liver cirrhosis,veillonella
liver cirrhosis,veillonellaceae
obesity,alcaligenaceae
obesity,bacteroidetes
obesity,firmicutes
obesity,staphylococcus aureus
kidney calculi,oxalobacter formigenes
hypersensitivity,helicobacter pylori
colorectal neoplasms,bacteroides
colorectal neoplasms,bacteroidetes
colorectal neoplasms,firmicutes
colorectal neoplasms,fusobacterium
colorectal neoplasms,fusobacterium nucleatum
colorectal neoplasms,prevotella
eczema,clostridium difficile
eczema,escherichia coli
periodontitis,actinomyces
periodontitis,fusobacterium
periodontitis,haemophilus
periodontitis,porphyromonas
periodontitis,porphyromonas gingivalis
periodontitis,prevotella
periodontitis,selenomonas
periodontitis,streptococcus
periodontitis,treponema
